Date,Open,High,Low,Close,Volume
2025-08-25,67.37529145799132,67.37529145799132,66.23515595995994,66.80035400390625,5326700
2025-08-26,66.53723922403869,67.53120919327736,65.54327668946401,65.89408874511719,8740400
2025-08-27,65.23143625765535,65.5042883917722,64.59802526936232,64.94883728027344,8212000
2025-08-28,64.9001171106898,65.845360267799,63.418916474008164,63.58457565307617,13999200
2025-08-29,63.40917068321366,64.00360180354642,62.678313479656715,63.34095764160156,9209700
2025-09-02,61.65511694849661,62.22031127866395,60.69038376020107,61.97669219970703,6638800
2025-09-03,61.92796882178347,62.12286482745367,60.02773927183023,61.664859771728516,6963600
2025-09-04,62.366489681608066,63.058367034353616,59.54050663097721,62.78551483154297,11087900
2025-09-05,63.08758277042742,65.37760019610702,62.717284516356,64.23746490478516,7765200
2025-09-08,64.65650411383692,65.17297538801942,63.175303338168874,63.63330841064453,7153000
2025-09-09,63.62355742218958,64.00360257786387,62.78550722386575,63.107086181640625,4192800
2025-09-10,63.25325969864064,64.0230894270144,62.53214188941687,63.08759307861328,5407500
2025-09-11,63.08759475041715,63.55534665434505,62.15209837722564,63.36044692993164,6455700
2025-09-12,63.45789636445771,63.9743675897553,62.76601911597755,63.04861068725586,4608200
2025-09-15,62.366483900974636,63.019381244993546,60.68064032910627,61.55766677856445,6803800
2025-09-16,62.015669275568605,63.06810543229475,61.67460406773993,62.80499267578125,7680300
2025-09-17,62.74652983651382,65.89409163072088,62.35674153775464,64.1010513305664,7381600
2025-09-18,65.31914536149198,66.13770932154796,64.27645601529193,64.56880187988281,9832000
2025-09-19,64.61751779605929,64.80267066275958,62.2397970829133,63.48712921142578,13348400
2025-09-22,63.828197179947196,64.51032761105809,63.35070587816957,63.730751037597656,6466500
2025-09-23,64.06207433745149,64.81242530406954,62.834239466982325,63.05836486816406,6218900
2025-09-24,63.19478940334969,64.55905777149147,63.0193833640934,64.16926574707031,5874100
2025-09-25,63.7794706561261,63.7794706561261,62.11312079797408,63.18503952026367,4621100
2025-09-26,63.01937972248727,63.340958681651955,62.13260644963743,62.775760650634766,4110800
2025-09-29,63.224019620834376,63.4481524409211,62.37622999864547,62.434696197509766,6499700
2025-09-30,62.62959093810621,63.21428268832127,61.42124236134634,62.58087158203125,7686700
2025-10-01,62.346991817183415,63.233765081424956,61.71358446691489,62.47367477416992,8399400
2025-10-02,63.12657425049375,65.34837905050121,62.77576218368581,64.4421157836914,6221000
2025-10-03,64.69548660122486,67.23887056068482,64.65650665366759,64.84165954589844,6368300
2025-10-06,65.51404490169483,66.04025556104132,62.70754840030474,64.89037322998047,6410200
2025-10-07,65.31914469291198,65.69918985219164,63.08759309105768,63.301979064941406,6049300
2025-10-08,63.65279161645827,65.41659134030603,63.02912737925252,65.21195220947266,6149900
2025-10-09,64.99755726487247,65.04628404701265,63.418910634949604,64.17900085449219,3842600
2025-10-10,64.2959510056688,64.59803628643782,58.663475335947076,58.86811447143555,12554600
2025-10-13,61.197107432794326,63.26299603101263,60.5929332018434,62.746524810791016,8316300
2025-10-14,60.631920796039644,64.90987145604798,60.631920796039644,62.951171875,9058400
2025-10-15,63.82819608866291,64.0718151577036,62.03515959183009,63.545597076416016,10045600
2025-10-16,64.28620390320582,64.71497586231978,62.746529536082356,63.68202590942383,5193200
2025-10-17,63.15581130216632,63.954881629970785,62.61985375826382,63.47739028930664,4582800
2025-10-20,64.38365501528038,65.94281575780505,63.97437671436731,65.3581314086914,5562100
2025-10-21,65.25093412340698,66.26439039812628,64.61752302237437,65.79663848876953,5611900
2025-10-22,63.5455989024499,64.37390227405744,61.68434931018774,62.853721618652344,9989800
2025-10-23,61.32378894368878,63.62355342222594,61.32378894368878,63.428653717041016,7224600
2025-10-24,64.30568967806458,64.36416331229343,61.508943706483244,61.55766677856445,7533200
2025-10-27,62.32750943618428,63.5066249839447,61.86950805755505,62.9024543762207,7361900
2025-10-28,62.86346782891308,62.96091397141323,61.39200654276933,62.01567077636719,4808700
2025-10-29,62.05465474156983,62.66857217030156,60.55396025889434,60.94375228881836,9882000
2025-10-30,61.17762176668371,61.80128601249654,60.33957154237317,60.48574447631836,5752900
2025-10-31,60.48574371099623,61.518689928386515,60.017995532555,60.82680892944336,7081600
2025-11-03,61.13864515836978,61.830522444424105,60.52472404389027,60.81706619262695,5769400
2025-11-04,59.82309807035211,60.69038136240032,57.776699374897504,57.98133850097656,8075600
2025-11-05,58.33215112975619,60.56370271896083,58.15674510072417,59.2481575012207,8254300
2025-11-06,59.03377215792052,59.71590254921717,57.62078087233263,57.83516311645508,10993500
2025-11-07,54.76556876193313,54.863014904926395,51.46209470221156,54.84352493286133,19099500
2025-11-10,55.86672777305126,56.11034684678548,53.644919292809355,53.995731353759766,9866700
2025-11-11,53.869045983986894,54.49271019006512,52.91405970376313,53.313594818115234,8502600
2025-11-12,54.11267128801342,55.23332059322825,54.11267128801342,54.210121154785156,6536100
2025-11-13,53.64492112623211,54.64863427210682,52.74840468856931,53.411048889160156,10618100
2025-11-14,52.76789512777971,53.284366396768,51.64724585346042,52.114994049072266,8290000
2025-11-17,51.96882581425565,52.076015090783216,49.58135800022209,50.380428314208984,8118600
2025-11-18,49.94191154056556,50.253743666456664,49.318247288783354,49.57160949707031,9779900
2025-11-19,49.561864996550874,50.15629613173069,49.08436997600791,49.503395080566406,9005800
2025-11-20,49.815232095745536,50.390173315459826,47.330318040731456,47.76883316040039,10584000
2025-11-21,47.807812466513155,50.13681041630935,47.28159432997369,49.60084915161133,11767300
2025-11-24,49.69425431519815,50.64801958836672,49.26161496366556,50.392372131347656,12016400
2025-11-25,49.48777063904098,51.44446752502527,48.96663720261231,50.962669372558594,9605200
2025-11-26,51.00199412932247,52.46706176808679,50.687349384905914,51.69028091430664,6266100
2025-11-28,51.80827421933852,52.840706321339674,51.493629459959955,52.68338394165039,3755000
2025-12-01,51.99509326624537,53.36183204167956,51.73944207392953,52.535888671875,5580800
2025-12-02,52.89969831184674,56.39029108714228,52.516225257074,55.76100158691406,11954000
2025-12-03,58.30765923502713,62.87001179393361,57.96351771690924,62.545536041259766,22906400
2025-12-04,62.89951355088826,64.3940742453301,62.16206421115152,63.636962890625,12641900
2025-12-05,65.08237081001103,65.82964747541459,64.44324648951002,64.70872497558594,11350100
2025-12-08,65.19052915025551,66.29178210612879,65.1610248731748,66.22295379638672,8146600
2025-12-09,65.75098512927386,66.36060510917585,65.41667086460153,65.73131561279297,7488600
2025-12-10,65.67232254963008,67.05872340282458,65.1216961116774,66.76374816894531,8780400
2025-12-11,66.68507851161394,68.11081075535074,65.66248129816418,67.93382263183594,8243200
2025-12-12,68.1993134095141,68.39596355994793,65.51499459593046,66.05579376220703,13126900
2025-12-15,66.92106492652717,66.95056169892,65.40683476267515,66.05579376220703,6768000
2025-12-16,67.83550607217347,68.16982034817735,63.823787272186436,64.7972183227539,7294200
2025-12-17,65.06269392785903,65.49533326539738,62.378378837110276,62.9191780090332,8750500
2025-12-18,64.22691974682698,64.58089602389195,62.68319278918574,62.98800277709961,6554800
2025-12-19,63.25349171576728,64.08926615865373,63.03717203606713,63.823787689208984,18662500
2025-12-22,64.94470773539422,65.88864198348905,64.57106193808907,65.13152313232422,5867700
2025-12-23,64.75788396204487,65.10202547987025,64.01059987925088,64.25641632080078,4874300
2025-12-24,64.53173672544277,64.79722271286275,64.08927008204054,64.2662582397461,2100900
2025-12-26,64.46290291836071,64.7972171885126,63.735288332815074,63.8532829284668,3853600
2025-12-29,63.92211058952591,64.37441194904785,62.899513276019626,63.56813430786133,4778500
2025-12-30,63.754951991685516,64.1384325620102,63.29282335901055,63.597633361816406,4346300
2025-12-31,63.499311021731614,63.56813933184374,62.57503871303466,62.65370178222656,4563500
2026-01-02,64.16792306286293,64.76771575290343,63.07649751224642,63.941768646240234,7789800
2026-01-05,64.25642148076689,67.68801717988778,64.2072626895428,65.93780517578125,9261200
2026-01-06,69.3792378087917,74.03008870294838,69.3792378087917,73.61711883544922,18540100
2026-01-07,71.83739616998464,72.78133042756214,70.68697699684857,72.70267486572266,9813500
2026-01-08,72.17171579720561,72.50602258957919,70.50015933016809,72.2995376586914,8440400
2026-01-09,72.79116167177659,74.78718992753595,72.27986678675204,73.96125030517578,9124300
2026-01-12,74.05957606321628,74.05957606321628,71.9848847285255,72.16187286376953,6982500
2026-01-13,72.27987129246799,73.88259185103617,72.18154621249424,72.83049774169922,5453700
2026-01-14,72.75183441981905,73.75476973648465,72.27987103692453,73.43029022216797,5298500
2026-01-15,73.97109337578141,74.72820478136072,73.16481567689355,73.20413970947266,6994200
2026-01-16,74.16773849600607,74.39389292741582,73.0861476323637,73.449951171875,7005300
2026-01-20,71.88656309329514,73.10581058235614,71.07045068052605,71.945556640625,11046300
2026-01-21,72.92882210334164,75.45581489256288,72.53551428559787,74.92485046386719,11834300
2026-01-22,77.68783114806457,78.16962927835452,73.90225940662714,74.20706939697266,12631100
2026-01-23,74.5118795450665,74.6692056705602,72.18154444954106,73.45978546142578,7546300
2026-01-26,73.45978908181384,74.03991982100975,72.71250495233481,73.5384521484375,7783900
2026-01-27,73.86292829514646,75.0035127021534,73.77443047380999,73.90225982666016,6144100
2026-01-28,78.48428306332707,80.0673417468409,77.4125268437321,78.93658447265625,14809600
2026-01-29,78.55310446823736,79.52653551355161,74.79702939765671,78.03197479248047,7821700
2026-01-30,77.01921026076097,77.24535718894072,73.82359647937287,74.6495361328125,12510700
2026-02-02,73.53845380696889,77.75666520283029,73.15498072568359,76.77339935302734,8648500
2026-02-03,76.3997489395019,77.85498561054922,74.00058551127735,75.37715911865234,8541600
2026-02-04,76.30142852100461,78.48427991003541,75.3673289634428,76.92089080810547,14565400
2026-02-05,75.85895625277584,77.8254878082504,74.45288589054262,76.73406219482422,11358300
2026-02-06,73.16481329707351,75.41648542428207,72.15204320061038,74.738037109375,20208200
2026-02-09,73.06648522057452,74.28574031432234,72.27004225747221,73.1648178100586,11656400
2026-02-10,73.31229991961436,76.40958887044883,73.2434716096724,75.57381439208984,12059000
2026-02-11,76.91105092181925,79.91000706577044,76.55707463899472,79.39871215820312,13622000
2026-02-12,80.44097226332325,81.95520248735795,76.96021044990157,77.59933471679688,12504000
2026-02-13,76.7143893019147,77.84514639688966,76.29158473602743,77.24535369873047,7888200
2026-02-17,77.18637153777816,78.29745928094998,75.81963256546365,77.61901092529297,6181700
2026-02-18,79.32004790203926,79.64452740670218,77.14703144954457,77.7861557006836,6953400
2026-02-19,77.1273764018384,77.45184843408852,74.75770208016603,75.8687973022461,6919300
2026-02-20,75.00351273791992,77.07820414049077,74.91502241826383,76.42925262451172,7042900
2026-02-23,76.29572559667585,76.89904993618102,73.78352421736932,75.76163482666016,5034200
2026-02-24,76.36495807029512,78.31339819982853,74.7429079976252,75.09896850585938,5592200
2026-02-25,76.2166069194792,76.25617004109556,74.55499354106159,74.64401245117188,7829400
2026-02-26,74.91105204618229,75.12864543618949,72.8241445996859,74.14948272705078,9959400
2026-02-27,72.45819595385169,73.92199362392921,71.5284815242799,73.82308959960938,10302500
2026-03-02,72.0625767949495,73.89232776935383,71.64717533942083,73.4967041015625,5288700
2026-03-03,71.23175996445428,71.92410320761435,69.93609992561485,70.60865783691406,9389000
2026-03-04,71.72629184917773,71.90432211696061,68.5810954822758,69.13497161865234,7452200
2026-03-05,68.2448188522222,69.71850920444176,66.1776968017707,67.06784057617188,9606300
2026-03-06,65.00071081528002,65.65348334213468,63.487457523229274,64.06110382080078,11745000
2026-03-09,62.8643587754408,64.83258056234962,61.00493367961518,64.2885971069336,12951600
2026-03-10,64.28860014569773,66.36561494891843,63.873198694232336,64.614990234375,11371100
2026-03-11,64.83258274170232,65.54469627196643,63.9127609426475,65.06995391845703,7308600
2026-03-12,63.89297422410457,64.41717235327307,61.66759968231065,62.04344177246094,10756100
2026-03-13,62.805016524093844,63.378670454540995,60.71810907214143,61.262088775634766,6899600
2026-03-16,62.70611077386668,64.18969380063375,62.50829894904173,63.131404876708984,7291100
2026-03-17,63.695164149121766,64.97104641806881,63.38855186856059,63.883079528808594,5801600
2026-03-18,63.2995416350249,65.06995159563671,63.2995416350249,64.00177001953125,10218600
2026-03-19,62.211581951071175,63.44790111724551,61.74672473724669,62.597312927246094,10227100
2026-03-20,62.30059668379769,63.63581609260739,61.44011583311798,62.28081512451172,12516300
2026-03-23,64.21936506992064,65.19852776717984,63.53691445424934,63.63581848144531,7972500
2026-03-24,63.03250196783259,65.85131220113902,63.002831512338396,64.91170501708984,5553900
2026-03-25,65.52491264718431,67.35466341570067,64.12045595315709,64.44684600830078,6581000
2026-03-26,63.78417573488094,65.26775872095004,63.26987028657003,63.49734878540039,10554300
2026-03-27,62.834683647595206,63.09184014518142,60.90602878043184,61.32143020629883,8341800
2026-03-30,61.7269426894081,62.25114080437526,58.66087269073528,59.40266418457031,8534200
2026-03-31,60.67854383004184,64.26881955723549,60.51040623261832,63.90286636352539,12580900
2026-04-01,64.12046042306439,65.80185150682767,63.80396301155976,64.66443634033203,7926800
2026-04-02,62.52807775668863,65.08972738146166,61.934642308333416,64.88202667236328,6599900
2026-04-06,65.24798706424819,67.06784540942698,65.08973457550535,66.48430633544922,5480100
2026-04-07,66.27659814066035,67.04806007168027,65.03038634276265,66.77112579345703,6549400
2026-04-08,71.23176157667636,71.70651145547116,68.96683151040003,69.95588684082031,13559100
2026-04-09,69.72840775331582,70.76691897225476,68.76902277972147,70.4405288696289,8477400
2026-04-10,71.12296982325533,71.90431686523587,70.05478829457552,70.77679443359375,8065300
2026-04-13,70.67788857065896,72.90326292444253,70.34161340144912,72.7450180053711,6724900
2026-04-14,73.38790409432742,74.0703547018402,72.22081847722258,73.68462371826172,7446400
2026-04-15,73.31866787603835,74.04068157708349,72.10213406276851,73.67472839355469,6869400
2026-04-16,73.7439635622056,76.47375840703295,73.19998765402153,76.0286865234375,7221100
2026-04-17,77.91778041160946,79.02552513642294,76.90894725996549,77.89800262451172,10896300
2026-04-20,78.1353684649286,79.82665211733318,77.5617145816401,79.5101547241211,9660700
2026-04-21,79.60906371573004,80.96407227378675,79.36179987603387,80.04425048828125,8519100
2026-04-22,81.56739310059355,81.99268718821924,80.20249193543087,81.57728576660156,8901100
2026-04-23,84.84116994849514,91.23046684744946,84.52467252627086,89.64797973632812,18143200
2026-04-24,90.11283360063132,90.49856458371009,86.94785949693546,88.46111297607422,11341200
2026-04-27,87.98636461033087,88.3127546927058,84.34664055514212,85.88956451416016,10126700
2026-04-28,84.79171928742171,86.18628342040756,83.03119440901733,83.33780670166016,13219800
2026-04-29,88.02592022751622,89.73698918808668,86.15660634545725,89.18311309814453,12902700
2026-04-30,90.0040357532908,92.01181688198281,88.1446144344697,91.89313507080078,9342700
2026-05-01,91.7942228269739,93.52506965568745,90.90407906606445,92.92174530029297,8062800
2026-05-04,95.16690233311486,95.16690233311486,92.59536005797622,94.25697326660156,8362100
2026-05-05,94.18774595921833,97.99560761459118,93.13934213854972,97.40217590332031,11012100
2026-05-06,97.40217829367349,102.11007652506706,96.92742838546975,101.7935791015625,13764100
2026-05-07,101.0320077199474,101.16058220173602,98.5000208373979,100.46824645996094,15859600
2026-05-08,103.90026982004186,104.75085804341299,95.76034079039731,98.0054931640625,18857300
2026-05-11,97.02632994075294,100.07262228047067,95.51307643740891,97.94615173339844,19625200
2026-05-12,95.99770437353894,97.07577856733084,93.38659900234006,96.63069915771484,12828500
2026-05-13,98.55936782764593,98.77696121351437,95.00865517238844,95.65154266357422,12894100
2026-05-14,95.33504070111853,96.22519198905337,94.22729603770037,95.9779281616211,6977400
2026-05-15,93.07010930279941,94.54379969908676,92.69427097672228,92.82284545898438,9445400
2026-05-18,94.77128073812409,94.77128073812409,90.13260885905282,91.7447738647461,10149000
2026-05-19,89.46005228872974,92.56568544585708,89.01498040506178,90.80516815185547,7350400
2026-05-20,91.66564396852513,93.30747181512588,90.80516315543461,92.99097442626953,10871600
2026-05-21,91.98214507321656,92.25907935641665,88.18417625351252,90.11283111572266,8596100
2026-05-22,90.12774286783923,94.34239085022996,90.09792349735926,92.8712387084961,8837400
2026-05-26,95.26681818211635,99.37212326659285,94.65053099138375,97.46360778808594,13087000
2026-05-27,98.78565047246067,99.65045012640691,94.1535237667519,96.27078247070312,12755800
2026-05-28,96.2807252291738,97.40396448563143,93.07998136365096,95.46562957763672,7696100
2026-05-29,96.10179678592979,97.40395978519182,93.42788214834535,94.08393859863281,11366400
2026-06-01,92.32452330161091,93.63662866537838,89.69037783994,90.97265625,11345100
2026-06-02,96.17138377436443,98.70613645773808,93.59687698588404,96.380126953125,13414800
2026-06-03,96.06203806543796,96.80755264536454,93.7956749558638,95.97257995605469,10449400
2026-06-04,95.0779611631994,99.00433492638346,94.01436066339588,95.72407531738281,9557000
2026-06-05,93.01040117174627,93.3881258388387,87.03634205496753,87.81167602539062,19736600
2026-06-08,91.31063004383876,92.62273545415042,89.08402853198768,90.82356262207031,13900600
2026-06-09,92.4338645690799,93.93483603015926,84.76997568238554,90.92295837402344,15334200
2026-06-10,89.72019867213228,91.93685782322376,87.0264068429098,87.3842544555664,10497600
2026-06-11,89.92894126609752,92.78177224703133,88.1993495386437,92.38417053222656,15470300
2026-06-12,92.40404702696337,95.12765819253006,91.35038883830786,94.67041015625,8384800
2026-06-15,98.19918318071404,100.35620358479608,97.41390689872337,99.72003173828125,11611700
2026-06-16,98.904932858853,101.32040036669625,94.99843621243409,95.05807495117188,11664300
2026-06-17,97.0858794183305,97.30456491424013,93.35830642105263,93.54717254638672,10091600
2026-06-18,97.61270672610054,100.31644083712163,97.22503974821686,99.1733169555664,16353500
2026-06-22,100.89297105532036,103.40783897265628,100.4953617708614,102.09573364257812,11048100
2026-06-23,96.50934394676909,97.7916299365121,91.51936968668923,92.70225524902344,17126000
2026-06-24,92.30465033475981,92.95076451921982,89.2430684892151,91.92692565917969,10768500
2026-06-25,95.1276586195542,96.64851475302349,91.29074292423412,93.55711364746094,9765500
2026-06-26,90.53529175835297,90.69433092404036,86.32064390302384,87.40412902832031,31443100
2026-06-29,86.96675646059968,88.74605212279997,84.55128897975159,88.5273666381836,12608700
2026-06-30,88.5969515585594,91.46966718538647,87.49358935351324,90.65457153320312,16176400
2026-07-01,88.96473734203566,90.85337574091034,88.0900029899458,88.15958404541016,14264100
2026-07-02,88.52736840125267,89.5213878356571,82.35450862365317,84.13380432128906,14794000
2026-07-06,86.47969425977537,88.98461999802873,86.0820849533219,87.066162109375,7981200
2026-07-07,83.45787002743151,84.44194713489772,81.1119835773231,83.64673614501953,13027100
2026-07-08,82.64277740147244,85.60495873284934,82.64277740147244,84.97872161865234,7198900
2026-07-09,87.96078271180576,90.3066693193119,87.18544872155265,87.73216247558594,11164200
2026-07-10,87.2947890137397,88.9150380096923,86.00256067720163,88.0601806640625,6677400
2026-07-13,86.47969560320266,86.47969560320266,83.3783520652076,83.72626495361328,10301300
2026-07-14,87.47371173938808,88.11982589967096,85.87333981563658,86.58903503417969,10238700
2026-07-15,87.61287152594083,87.61287152594083,83.08014537406615,85.7441177368164,7512600
2026-07-16,83.34852572428565,84.31272576206281,80.36646750457048,81.1915054321289,12220200
2026-07-17,78.48777589321469,81.50959597097098,77.5335181187285,80.47581481933594,12926900
2026-07-20,82.03642707488665,82.92110381189761,79.84958723629552,80.02851104736328,7503900
2026-07-21,82.69248148600158,83.36841502363826,81.03246322048946,82.88134002685547,11642200
2026-07-22,81.39030763330285,85.147707422986,81.35054594632687,84.51152801513672,6537900
2026-07-23,80.72431749989777,82.89128017406102,79.71042101187939,80.86347961425781,11585800
2026-07-24,79.80982244355835,80.75413788628576,77.56333636611537,78.38837432861328,9323800
2026-07-27,79.01460753508432,79.87940722590123,75.10811061633476,77.43412017822266,11225500
2026-07-28,75.78403885982736,77.14584820261568,74.43217183474641,75.25720977783203,13879800
2026-07-29,74.70056082928039,75.3764943373219,70.81394126210009,70.94316864013672,15678900
2026-07-30,74.48187799076437,75.40631638632503,72.8119250047118,74.5614013671875,13846900
2026-07-31,76.61901819819242,77.20548601183869,73.73636038283438,73.845703125,11293200
2026-08-03,73.0206653078984,75.2671513090084,72.1459309529495,74.7701416015625,8143500
2026-08-04,77.03650599636188,80.4956969573138,77.03650599636188,80.18754577636719,16079400
2026-08-05,79.62095825106356,79.90922480821503,76.53949940227092,77.32477569580078,9796300
2026-08-06,76.16176917095711,79.12394273654594,73.7761210938029,73.915283203125,15904000
2026-08-07,80.86348091302816,85.45585351196826,80.19748970021321,84.18350982666016,19095100
2026-08-10,85.0284263338682,85.14771140036812,80.65473915117154,80.90324401855469,8793300
2026-08-11,81.78792044696911,82.94098666770739,80.18754850004902,80.53545379638672,7005500
2026-08-12,83.22924898721885,83.239183721061,78.82574267370336,78.96490478515625,9225600
2026-08-13,79.01460274678776,79.94898344228125,77.13590662176486,77.22537231445312,7415000
2026-08-14,77.40429721110752,78.87544174847729,76.80787947479197,78.69651794433594,8246400
2026-08-17,79.58119796038685,80.92313033920036,78.89532966909496,79.7800064086914,8530600
2026-08-18,77.54345779119978,78.00070581855537,75.19757133171193,77.72238159179688,12743300
2026-08-19,78.79591592300842,79.27304858047536,76.50967581201313,76.6190185546875,8833000
2026-08-20,76.2313551413442,76.95698510334884,75.22739335898115,75.35661315917969,6824800
2026-08-21,76.36057225421527,76.53949605483697,74.61109593522156,75.625,4628800
2026-08-24,74.79000091552734,75.2300033569336,72.7699966430664,74.20999908447266,11782200
